{"cameraMode":{"drawMode":0,"name":"Shaded","section":"Shading Mode"},"sceneLighting":true,"audioPlay":false,"sceneViewState":{"m_AlwaysRefresh":false,"showFog":true,"showSkybox":true,"showFlares":true,"showImageEffects":true,"showParticleSystems":true,"showVisualEffectGraphs":true,"m_FxEnabled":true},"in2DMode":false,"pivot":{"x":-0.7562799453735352,"y":5.797449588775635,"z":13.770769119262696},"rotation":{"x":0.13305772840976716,"y":-0.35118380188941958,"z":0.05052898824214935,"w":0.9254547357559204},"size":12.5035400390625,"orthographic":false}